time_s,autocorrelation_hz,cepstrum_hz,reference_hz
0.005,0,0,0
0.015,0,0,0
0.025,0,0,0
0.035,0,0,0
0.045,0,0,0
0.055,0,0,0
0.065,0,0,0
0.075,0,0,0
0.085,0,0,0
0.095,0,0,0
0.105,0,0,0
0.115,0,0,0
0.125,0,0,0
0.135,0,0,0
0.145,0,0,0
0.155,0,0,0
0.165,0,0,0
0.175,0,0,0
0.185,0,0,0
0.195,0,0,0
0.205,0,0,0
0.215,0,0,0
0.225,0,0,0
0.235,0,0,0
0.245,0,0,0
0.255,0,0,0
0.265,0,0,0
0.275,0,0,0
0.285,0,0,0
0.295,0,0,0
0.305,0,0,0
0.315,0,0,0
0.325,0,0,0
0.335,0,0,0
0.345,0,0,0
0.355,0,0,0
0.365,0,0,0
0.375,0,0,0
0.385,0,0,0
0.395,0,0,0
0.405,0,0,0
0.415,0,0,0
0.425,0,0,0
0.435,0,0,0
0.445,0,0,0
0.455,0,0,0
0.465,0,0,0
0.475,0,0,0
0.485,0,0,0
0.495,0,0,0
0.505,0,0,0
0.515,0,0,0
0.525,0,0,0
0.535,0,0,0
0.545,0,0,0
0.555,0,0,0
0.565,0,0,0
0.575,0,215.664069121893,222.222222222222
0.585,213.527155109898,214.448557308568,205.128205128205
0.595,211.63864090027,214.448557308568,216.216216216216
0.605,211.63864090027,211.138685129409,216.216216216216
0.615,207.223745805495,214.448557308568,205.128205128205
0.625,203.543609434259,0,195.121951219512
0.635,203.543609434259,0,195.121951219512
0.645,0,0,0
0.655,0,0,0
0.665,0,0,0
0.675,0,0,0
0.685,0,0,0
0.695,0,0,0
0.705,0,0,0
0.715,0,0,0
0.725,0,0,0
0.735,221.054126572099,217.518898589965,0
0.745,221.054126572099,217.518898589965,0
0.755,235.372405844514,234.514908700221,222.222222222222
0.765,249.119560723634,250.259013510822,250
0.775,254.741714103982,253.117462117574,258.064516129032
0.785,254.741714103982,253.117462117574,258.064516129032
0.795,254.741714103982,253.117462117574,258.064516129032
0.805,252.601634766384,251.904374329395,258.064516129032
0.815,252.601634766384,251.904374329395,250
0.825,252.601634766384,251.904374329395,258.064516129032
0.835,253.385490754966,252.96395875013,250
0.845,259.256958138633,255.14693225564,258.064516129032
0.855,269.31084028199,256.636884964695,258.064516129032
0.865,269.31084028199,259.904463715681,266.666666666667
0.875,269.31084028199,267.291402696266,275.862068965517
0.885,297.215703048367,301.146750583608,307.692307692308
0.895,311.041773306993,309.00092481809,320
0.905,318.365403840499,318.462309271415,333.333333333333
0.915,318.365403840499,318.462309271415,320
0.925,318.365403840499,318.462309271415,320
0.935,316.656870613609,318.462309271415,333.333333333333
0.945,316.656870613609,0,333.333333333333
0.955,0,0,333.333333333333
0.965,0,0,0
0.975,0,0,0
0.985,0,0,0
0.995,0,0,0
1.005,0,0,0
1.015,0,0,0
1.025,0,0,0
1.035,0,0,0
1.045,0,0,0
1.055,343.159360036411,0,0
1.065,330.629032605398,314.898897508386,363.636363636364
1.075,330.629032605398,309.330977443167,347.826086956522
1.085,309.771487657509,309.330977443167,320
1.095,306.206823801087,306.804387756358,307.692307692308
1.105,302.61945568519,302.565393477705,307.692307692308
1.115,297.247998452365,297.172203451096,296.296296296296
1.125,288.585343815412,292.196944846758,296.296296296296
1.135,267.8824841307,283.456640455,266.666666666667
1.145,254.824815317629,261.080948006044,250
1.155,253.656982608893,258.559570864944,258.064516129032
1.165,253.656982608893,258.559570864944,250
1.175,0,0,250
1.185,0,0,0
1.195,0,0,0
1.205,0,0,0
1.215,0,257.396431890493,0
1.225,237.746709695019,229.345760292535,0
1.235,233.932724795724,228.211897122063,266.666666666667
1.245,233.932724795724,228.211897122063,235.294117647059
1.255,229.384204970561,224.06393934154,228.571428571429
1.265,222.804458107856,221.989512137963,222.222222222222
1.275,220.638618554817,220.306122649449,222.222222222222
1.285,219.050220839356,217.716742452722,222.222222222222
1.295,218.722325825384,217.26739741691,222.222222222222
1.305,218.417024292411,216.753867502715,222.222222222222
1.315,216.566332252975,216.00353820072,216.216216216216
1.325,213.779326119625,212.695390751702,216.216216216216
1.335,211.111697221979,210.928237726517,210.526315789474
1.345,211.111697221979,210.928237726517,210.526315789474
1.355,211.111697221979,210.928237726517,210.526315789474
1.365,211.873617559357,210.990608172092,216.216216216216
1.375,212.622741570978,211.813471872628,216.216216216216
1.385,212.925558589465,214.028351276993,216.216216216216
1.395,213.099721582485,215.374410191009,216.216216216216
1.405,215.165616701897,216.224667836722,210.526315789474
1.415,226.788382294579,226.182376622927,228.571428571429
1.425,230.258588651122,229.621666506836,235.294117647059
1.435,230.742284314748,233.457289620309,235.294117647059
1.445,230.742284314748,233.457289620309,235.294117647059
1.455,230.742284314748,233.457289620309,235.294117647059
1.465,224.734911043921,234.658142172639,210.526315789474
1.475,224.734911043921,0,0
1.485,0,0,0
1.495,0,0,0
1.505,0,0,0
1.515,0,0,0
1.525,0,0,0
1.535,0,0,0
1.545,0,0,0
1.555,0,0,0
1.565,0,0,0
1.575,0,0,0
1.585,248.690893500437,0,0
1.595,248.136936199164,249.798372833539,0
1.605,248.136936199164,246.670714225623,250
1.615,246.628208288888,246.670714225623,250
1.625,242.873937672202,241.641556108789,242.424242424242
1.635,238.113751599312,236.487055388669,242.424242424242
1.645,233.932093169262,233.732703604743,235.294117647059
1.655,229.929789340546,229.199372894738,235.294117647059
1.665,226.525425146412,226.612156488136,228.571428571429
1.675,223.524064005418,221.648470774726,228.571428571429
1.685,220.731369029739,220.794999043733,222.222222222222
1.695,218.046055996861,217.92835050171,222.222222222222
1.705,215.345027319313,215.363471046781,216.216216216216
1.715,214.717391888268,214.241167533209,216.216216216216
1.725,214.717391888268,213.621168011057,216.216216216216
1.735,214.717391888268,212.734986767896,216.216216216216
1.745,214.717391888268,211.971070173016,216.216216216216
1.755,214.717391888268,211.971070173016,210.526315789474
1.765,212.981660563447,210.881308640013,210.526315789474
1.775,211.91724965867,209.758109318983,210.526315789474
1.785,209.828860726695,207.162846053768,210.526315789474
1.795,205.94399298615,204.910415419972,205.128205128205
1.805,202.870635780309,201.94953432006,205.128205128205
1.815,200.02513461482,200.060468630455,200
1.825,197.830841823187,197.477586340567,200
1.835,194.809304499196,194.859396598108,200
1.845,194.511423262775,194.859396598108,195.121951219512
1.855,194.511423262775,194.859396598108,190.47619047619
1.865,194.511423262775,195.270220567048,195.121951219512
1.875,199.840098818436,197.282308571562,205.128205128205
1.885,202.549344791892,197.282308571562,210.526315789474
1.895,202.549344791892,208.380215448286,210.526315789474
1.905,203.628378807215,0,0
1.915,0,0,0
1.925,0,0,0
1.935,0,0,0
1.945,0,0,0
1.955,0,0,0
1.965,0,0,0
1.975,0,0,0
1.985,0,0,0
1.995,0,0,0
2.005,0,0,0
2.015,0,0,0
2.025,0,0,0
2.035,0,0,0
2.045,0,0,0
2.055,0,0,0
2.065,0,0,0
2.075,0,0,0
2.085,0,0,0
2.095,0,0,0
2.105,0,0,0
2.115,223.445586788152,210.755811343126,0
2.125,213.940348764772,209.346052933078,235.294117647059
2.135,213.940348764772,209.346052933078,216.216216216216
2.145,208.538576269252,205.785745666418,205.128205128205
2.155,207.542620383703,205.653095891674,205.128205128205
2.165,206.525845237525,205.184155515828,205.128205128205
2.175,206.037359054313,204.717839816686,210.526315789474
2.185,206.037359054313,203.983247195558,205.128205128205
2.195,202.997419355521,201.371842479936,200
2.205,201.470528886922,200.263894422489,200
2.215,200.177720805125,199.64063304028,200
2.225,198.965146333796,198.012009173615,200
2.235,196.783210467571,196.057149557544,195.121951219512
2.245,196.783210467571,196.057149557544,195.121951219512
2.255,196.783210467571,196.057149557544,200
2.265,196.992718196828,197.077618462371,200
2.275,196.992718196828,197.077618462371,200
2.285,196.992718196828,197.077618462371,200
2.295,196.713068106747,196.369110699839,200
2.305,196.713068106747,196.369110699839,200
2.315,196.351239720249,196.266595546084,200
2.325,196.185062528664,196.266595546084,195.121951219512
2.335,195.971545191598,196.266595546084,200
2.345,194.890360953049,195.653315288932,200
2.355,194.890360953049,195.550875988262,195.121951219512
2.365,194.890360953049,195.550875988262,195.121951219512
2.375,195.498851499601,195.550875988262,195.121951219512
2.385,196.648638554829,196.209948820649,200
2.395,198.012340989611,198.655993169783,200
2.405,198.100611066154,199.319022949228,200
2.415,198.367082037973,200.183529547494,195.121951219512
2.425,206.002560210005,205.501525314396,210.526315789474
2.435,207.263029138605,206.784494669898,210.526315789474
2.445,207.395160385597,206.937989440642,210.526315789474
2.455,207.780627855661,208.441797717326,210.526315789474
2.465,208.823520566135,209.312999268384,210.526315789474
2.475,209.737007549174,210.149236967185,210.526315789474
2.485,210.055166282444,210.361988910319,210.526315789474
2.495,210.572830019489,210.361988910319,210.526315789474
2.505,210.572830019489,210.361988910319,210.526315789474
2.515,210.572830019489,207.49305860501,222.222222222222
2.525,209.448727438254,205.308162130078,205.128205128205
2.535,203.707303732452,202.450843465137,205.128205128205
2.545,201.630157716409,201.161761436925,205.128205128205
2.555,200.099464297525,199.916686519467,200
2.565,199.287581535396,199.463510245077,200
2.575,197.657782515921,196.743910314837,200
2.585,193.340274573326,193.907296241939,195.121951219512
2.595,187.365165051223,188.368976368615,190.47619047619
2.605,187.365165051223,181.419345540455,181.818181818182
2.615,181.630768236878,174.977839373175,173.913043478261
2.625,176.2009109734,166.880157339777,166.666666666667
2.635,158.945420310417,158.501569392382,156.862745098039
2.645,158.945420310417,156.924098092287,145.454545454545
2.655,155.365785067909,119.624887530419,166.666666666667
2.665,155.365785067909,81.3769781978654,117.647058823529
2.675,0,81.3769781978654,81.6326530612245
2.685,0,81.3769781978654,80.8080808080808
2.695,0,81.3769781978654,80.8080808080808
2.705,0,100.542078235498,98.7654320987654
2.715,0,101.994014635082,100
2.725,0,0,102.564102564103
2.735,0,0,79.2079207920792
2.745,0,0,0
2.755,0,0,0
2.765,0,0,0
2.775,170.833479581593,0,0
2.785,170.833479581593,0,0
2.795,170.833479581593,0,0
2.805,170.833479581593,0,0
2.815,0,0,0
2.825,0,0,0
2.835,0,0,0
2.845,0,0,0
2.855,0,0,0
2.865,0,0,0
2.875,0,0,0
2.885,0,0,0
2.895,0,0,0
2.905,0,0,0
2.915,0,0,0
2.925,0,0,0
2.935,0,0,0
2.945,0,0,0
2.955,0,0,0
2.965,0,0,0
2.975,0,0,0
2.985,0,0,0
2.995,0,0,0
