file,method,smoothing,v_uv,uv_v,vde,gpe,fine_mean,fine_std,fine_mae,ffe,n_both,n_gross
s1,ACF,none,7.05128205128205,4.86111111111111,6,2.06896551724138,-2.05467422181898,6.05419797902474,4.11341119940454,7,145,3
s1,Cepstrum,none,5.76923076923077,4.86111111111111,5.33333333333333,2.04081632653061,-2.22944655420468,6.26299029980225,3.91949869406079,6.33333333333333,147,3
s1,ACF,median-5,5.76923076923077,2.77777777777778,4.33333333333333,2.04081632653061,-2.12841437711738,6.8556027247776,4.5563388024878,5.33333333333333,147,3
s1,Cepstrum,median-5,4.48717948717949,2.77777777777778,3.66666666666667,1.34228187919463,-2.65309867836893,7.89224910832006,4.59052701969934,4.33333333333333,149,2
s2,ACF,none,9.71428571428571,4.8,7.66666666666667,0,0.302410932501444,2.46109999800869,1.56289511684477,7.66666666666667,158,0
s2,Cepstrum,none,0.571428571428571,3.2,1.66666666666667,0,0.38521583525557,2.25647855931226,1.24929511313053,1.66666666666667,174,0
s2,ACF,median-5,4,2.4,3.33333333333333,0,0.266134801228411,2.40914158117603,1.58223502860888,3.33333333333333,168,0
s2,Cepstrum,median-5,0.571428571428571,3.2,1.66666666666667,0,0.463205120922725,2.1688830573038,1.32480809156783,1.66666666666667,174,0
s1+s2,ACF,none,8.45921450151057,4.83271375464684,6.83333333333333,0.99009900990099,-0.813276040543556,4.67490695740418,2.77013939592306,7.33333333333333,303,3
s1+s2,Cepstrum,none,3.02114803625378,4.08921933085502,3.5,0.934579439252336,-0.798782227896241,4.7087764614085,2.45844390449518,4,321,3
s1+s2,ACF,median-5,4.83383685800604,2.60223048327138,3.83333333333333,0.952380952380952,-0.839041742623494,5.114368909231,2.95489830886069,4.33333333333333,315,3
s1+s2,Cepstrum,median-5,2.41691842900302,2.97397769516729,2.66666666666667,0.619195046439629,-0.963887273145415,5.77754608575156,2.82032423622619,3,323,2
