frame,time_s,s1_ref,s1_acf,s1_cep,s2_ref,s2_acf,s2_cep,s3_acf,s3_cep,s4_acf,s4_cep
1,0.005,0,0,0,0,0,0,0,0,0,0
2,0.015,0,0,0,0,0,0,0,0,0,0
3,0.025,0,0,0,0,0,0,0,0,0,0
4,0.035,0,0,0,0,0,0,0,0,0,0
5,0.045,0,0,0,0,0,0,0,0,0,0
6,0.055,0,0,0,0,0,0,0,0,0,0
7,0.065,0,0,0,0,0,0,0,0,0,0
8,0.075,0,0,0,0,0,0,0,0,0,0
9,0.085,0,0,0,0,0,0,0,0,0,0
10,0.095,0,0,0,0,0,0,0,0,0,0
11,0.105,0,0,0,0,0,0,0,0,0,0
12,0.115,0,0,0,0,0,0,0,0,0,0
13,0.125,0,0,0,0,0,0,0,0,0,0
14,0.135,0,0,0,0,0,0,0,0,0,0
15,0.145,0,0,0,0,0,0,0,0,0,0
16,0.155,0,0,0,0,0,0,0,0,0,0
17,0.165,0,0,0,0,0,0,0,0,0,0
18,0.175,0,0,0,0,0,0,0,0,0,0
19,0.185,0,0,0,0,0,140.4,0,0,0,0
20,0.195,0,0,0,140.4,0,140.4,0,0,0,0
21,0.205,0,0,0,153.8,157.1,154.3,0,0,0,0
22,0.215,0,0,0,156.9,157.1,156.7,0,0,0,0
23,0.225,0,0,0,160,159.2,159.3,0,0,0,0
24,0.235,0,0,0,163.3,162.7,161,0,0,0,0
25,0.245,0,0,0,163.3,163.2,163.3,0,0,0,0
26,0.255,0,0,0,166.7,165.5,164.7,0,0,0,0
27,0.265,0,0,0,170.2,167.7,170,0,0,0,0
28,0.275,0,0,0,181.8,171.3,181.8,0,0,0,0
29,0.285,0,0,0,190.5,181.4,190.6,0,0,0,0
30,0.295,0,0,0,190.5,190.8,190.6,0,0,0,0
31,0.305,0,0,0,195.1,192.5,193.2,0,0,0,0
32,0.315,0,0,0,200,195.8,197.3,0,0,0,0
33,0.325,0,0,0,200,199.7,200.1,0,0,0,0
34,0.335,0,0,0,205.1,203,203.1,0,0,0,0
35,0.345,0,0,0,210.5,206.7,207,0,0,0,0
36,0.355,0,0,0,210.5,211.9,210.4,0,0,0,0
37,0.365,0,0,0,216.2,216.2,213.8,0,0,0,0
38,0.375,0,0,0,222.2,216.2,216.2,0,0,0,0
39,0.385,0,0,0,216.2,216.2,216.2,0,0,0,0
40,0.395,0,0,0,216.2,215.9,216.2,0,0,0,0
41,0.405,0,0,0,216.2,215.1,216.1,0,0,0,0
42,0.415,0,0,0,210.5,214.2,212.7,0,0,0,0
43,0.425,0,0,0,200,199,209.5,0,0,0,0
44,0.435,0,0,0,190.5,187.4,200,0,0,0,0
45,0.445,0,0,0,181.8,179.9,182.1,0,0,0,0
46,0.455,0,0,0,177.8,179.9,180.2,0,0,0,163.3
47,0.465,0,0,0,170.2,179.1,170.6,0,105.7,185.2,163.3
48,0.475,0,0,0,163.3,166.1,163.5,0,105.7,185.2,185.5
49,0.485,0,0,0,156.9,166.1,163.5,218.3,217,185.2,189.7
50,0.495,0,0,0,0,0,0,218.3,220.4,187.7,199.6
51,0.505,0,0,0,0,0,0,219.5,220.4,205.7,204.9
52,0.515,0,0,0,0,0,0,219.7,220.4,212.7,211.4
53,0.525,0,0,0,0,0,0,219.8,220.5,212.7,211.4
54,0.535,0,0,0,0,0,0,220.1,220.5,216.3,217.7
55,0.545,0,0,0,0,0,0,220.3,220.5,216.3,231.2
56,0.555,0,0,0,0,146.8,0,220.6,220.8,195,0
57,0.565,0,0,0,145.5,146.8,151,221.2,221.5,0,0
58,0.575,222.2,0,215.7,150.9,150.5,150.8,221.8,221.7,0,0
59,0.585,205.1,211.9,214.4,150.9,150.5,150.8,223,223.2,0,0
60,0.595,216.2,210,214.4,150.9,150.5,150.8,224.7,224.1,0,0
61,0.605,216.2,210,211.2,148.1,149.5,148.4,227.3,227,0,0
62,0.615,205.1,210,214.4,148.1,148,148.1,229.1,228.8,0,0
63,0.625,195.1,210,0,145.5,146.7,145.7,232.8,232.6,0,248.5
64,0.635,195.1,0,0,142.9,143.5,143.6,236.6,236,245.9,248.1
65,0.645,0,0,0,140.4,141,140.6,240,241,245.1,248.1
66,0.655,0,0,0,140.4,140.3,140.3,242.5,243.4,245.1,248
67,0.665,0,0,0,140.4,140.1,140.3,243.9,245.1,243.5,246.9
68,0.675,0,0,0,135.6,139.6,139.9,245.6,247.5,230.5,229.4
69,0.685,0,0,0,133.3,137.5,135,245.6,248.6,229.2,228.9
70,0.695,0,0,0,133.3,132.9,133.3,245.6,248.6,229.2,228.9
71,0.705,0,0,0,131.1,132.9,133.3,243.6,248.6,229.9,228.9
72,0.715,0,0,0,131.1,132.9,133.3,223.9,245.4,229.9,229.4
73,0.725,0,0,0,133.3,134.1,133.3,216.3,211.2,234.7,230
74,0.735,0,226.7,217.5,135.6,135.2,134.7,210.2,209.9,240.1,234.1
75,0.745,0,226.7,217.5,135.6,139.3,135.8,210.2,209,240.1,237.2
76,0.755,222.2,240.5,234.5,140.4,140.9,140.7,208.5,209,240.1,237.2
77,0.765,250,254.8,250.3,142.9,142.2,142.6,208.5,0,238.3,237.2
78,0.775,258.1,254.8,253.1,142.9,144.5,144.4,0,0,235.1,235.3
79,0.785,258.1,254.8,253.1,145.5,145.2,145.4,0,0,231.9,235.3
80,0.795,258.1,254.4,253.1,145.5,145.5,145.5,0,0,231.9,0
81,0.805,258.1,251.7,251.9,145.5,145.5,145.5,227.3,0,0,0
82,0.815,250,250.3,251.9,148.1,147.3,147.1,227.1,229.3,0,0
83,0.825,258.1,249.8,251.9,148.1,148.4,148.1,227.3,227.4,0,0
84,0.835,250,249.8,253,150.9,150.3,150,227.1,227.4,0,0
85,0.845,258.1,249.8,255.1,150.9,151,151,227.1,226.7,0,0
86,0.855,258.1,250.3,256.6,153.8,153.1,153.1,224.5,222.3,0,0
87,0.865,266.7,257.3,259.9,156.9,156.2,156.5,217.5,217.2,0,0
88,0.875,275.9,267.6,267.3,156.9,157.2,157.1,217.5,217.2,0,0
89,0.885,307.7,279.4,301.1,160,159.2,159.6,0,0,0,284.1
90,0.895,320,312.6,309,160,159.8,160,0,0,0,0
91,0.905,333.3,318.1,318.5,160,160.1,160.1,0,0,0,0
92,0.915,320,318.3,318.5,163.3,161.1,162.3,0,0,0,0
93,0.925,320,318.3,318.5,163.3,161.1,162.3,0,0,0,0
94,0.935,333.3,318.3,318.5,160,163,162.3,0,0,0,0
95,0.945,333.3,0,0,160,0,160.2,0,0,229.6,0
96,0.955,333.3,0,0,153.8,0,160,0,0,228.2,229.3
97,0.965,0,0,0,150.9,0,151.1,0,0,228.2,227.9
98,0.975,0,0,0,148.1,148.7,150.7,0,0,228.2,227.9
99,0.985,0,0,0,150.9,148.3,150.6,0,0,225.4,222.5
100,0.995,0,0,0,148.1,148.3,148.4,0,0,214.3,216.3
101,1.005,0,0,0,148.1,148.3,148,0,0,207.4,207.3
102,1.015,0,0,0,0,0,148,0,0,203.5,201.1
103,1.025,0,0,0,0,0,0,250.9,249.9,198.3,189.8
104,1.035,0,0,0,0,0,0,248.8,247.1,186.9,174.6
105,1.045,0,0,0,0,0,0,248.8,247.1,173.6,166.3
106,1.055,0,0,0,0,0,0,245.1,244,160.3,160.2
107,1.065,363.6,341.5,314.9,0,0,0,245.1,244,152.9,153.7
108,1.075,347.8,324.3,309.3,0,0,0,245.1,244,146.6,143.1
109,1.085,320,324.3,309.3,0,0,0,246,245.6,139.1,138.4
110,1.095,307.7,307,306.8,0,0,0,246.6,247.5,137.9,138.4
111,1.105,307.7,301.8,302.6,0,0,0,248.3,249,137.9,138.4
112,1.115,296.3,297.5,297.2,0,0,0,250.3,250.3,137.9,139.6
113,1.125,296.3,291.6,292.2,0,0,148,252.8,255.2,137.9,140.1
114,1.135,266.7,279.9,283.5,148.1,144,143.2,255.4,256.6,138.7,140.1
115,1.145,250,257.9,261.1,142.9,143.3,143,258,258.5,0,140.3
116,1.155,258.1,257.8,258.6,142.9,143.3,143,259.8,259.4,0,0
117,1.165,250,257.8,258.6,142.9,143.2,142.9,261.2,266.6,0,0
118,1.175,250,0,0,142.9,143.2,142.9,265.8,269.1,0,0
119,1.185,0,0,0,142.9,142.7,142.9,269.1,270,0,0
120,1.195,0,0,0,137.9,139,138,271.2,274.3,0,0
121,1.205,0,0,0,137.9,138,138,274.5,274.9,0,0
122,1.215,0,0,0,131.1,137.9,131.2,276.5,276.8,0,0
123,1.225,0,0,229.3,129,129.3,129.2,277.7,278.2,0,0
124,1.235,266.7,233.5,228.2,129,128.9,129.1,279.2,278.2,0,0
125,1.245,235.3,233.5,228.2,125,128.1,129.1,279.2,278.2,0,0
126,1.255,228.6,232.6,224.1,123.1,123.5,123.7,279.2,278,0,0
127,1.265,222.2,219.9,222,121.2,121.5,121.4,277.4,277.8,0,0
128,1.275,222.2,219.2,220.3,119.4,120.5,121,274.2,274.7,0,0
129,1.285,222.2,219,217.7,117.6,119.6,119.2,273,274.7,0,0
130,1.295,222.2,219,217.3,115.9,116.6,117.2,273,0,0,0
131,1.305,222.2,218.4,216.8,115.9,115.8,115.9,0,0,175.3,174.5
132,1.315,216.2,216.9,216,114.3,114.6,115.5,0,0,173.6,173.6
133,1.325,216.2,214.4,212.7,111.1,114.6,114.3,0,0,173.6,173.6
134,1.335,210.5,211.5,210.9,114.3,114.6,114.3,0,0,170.6,171.9
135,1.345,210.5,211.5,210.9,117.6,114.8,114.3,0,0,169.5,171.2
136,1.355,210.5,211.5,210.9,119.4,118.2,118.1,0,0,166.9,171
137,1.365,216.2,211.5,211,121.2,119.8,119.9,0,0,157.8,171
138,1.375,216.2,212.7,211.8,121.2,120.8,121.1,0,0,146.6,0
139,1.385,216.2,213.1,214,121.2,120.9,121.1,0,0,146.3,0
140,1.395,216.2,213.1,215.4,119.4,120.9,121.1,0,0,146.3,0
141,1.405,210.5,218,216.2,119.4,120.8,121,248.5,245,146.3,0
142,1.415,228.6,228.6,226.2,117.6,120.9,119.7,245.4,242.4,0,0
143,1.425,235.3,229.8,229.6,112.7,118.8,119.7,245.4,239.8,0,0
144,1.435,235.3,231.4,233.5,0,0,0,241.7,239.8,0,0
145,1.445,235.3,231.4,233.5,0,0,0,236,230.4,0,0
146,1.455,235.3,231.4,233.5,0,0,0,222.2,217.2,0,0
147,1.465,210.5,232.1,234.7,0,0,0,222.2,217.2,0,0
148,1.475,0,0,0,0,0,0,222.2,217.2,190.2,185.9
149,1.485,0,0,0,0,0,0,223.4,220,188.8,185.9
150,1.495,0,0,0,0,0,0,226.2,222.7,189.2,185.9
151,1.505,0,0,0,0,110.5,0,226.2,222.7,189,186.1
152,1.515,0,0,0,108.1,110.5,108.2,226.2,222.7,189,186.1
153,1.525,0,0,0,112.7,111.5,108.2,226.2,223.3,189.2,187
154,1.535,0,0,0,112.7,111.5,112.7,0,0,189.3,189.2
155,1.545,0,0,0,114.3,111.5,112.7,0,0,190.1,190.7
156,1.555,0,0,0,111.1,111.5,112.7,0,0,191.5,192.7
157,1.565,0,0,0,109.6,110.5,110.2,0,0,193.8,195
158,1.575,0,0,0,108.1,108.8,108.9,0,0,195.1,196.9
159,1.585,0,0,0,108.1,107.9,108,0,0,196.8,198.5
160,1.595,0,247.3,249.8,106.7,107.9,106.8,0,0,196.8,198.5
161,1.605,250,246.5,246.7,105.3,106.3,105.5,0,0,196.8,198.5
162,1.615,250,246.5,246.7,102.6,104.6,105.4,0,0,196.2,194.9
163,1.625,242.4,243.5,241.6,101.3,104.6,105.4,0,0,190.7,189.2
164,1.635,242.4,238.4,236.5,105.3,104.6,105.4,0,0,182.2,182.4
165,1.645,235.3,234.8,233.7,106.7,108.9,105.4,0,0,166.9,170.3
166,1.655,235.3,230,229.2,109.6,108.9,109.2,0,0,90.9,170.3
167,1.665,228.6,226.8,226.6,108.1,111.3,109.5,235.6,233.8,90.9,0
168,1.675,228.6,223.8,221.6,112.7,111.3,112.6,234.5,233.5,166.9,0
169,1.685,222.2,222.2,220.8,114.3,114.2,114.1,234.5,233.5,165.4,0
170,1.695,222.2,218.2,218,115.9,117.9,115.8,232.2,230.6,165.4,166.1
171,1.705,216.2,216.2,215.4,117.6,117.9,117,228.9,229,165.4,166.1
172,1.715,216.2,215.5,214.3,121.2,121.1,121.1,227.2,227.4,161.8,163
173,1.725,216.2,215.5,213.6,121.2,121.4,121.3,224.4,223.7,154.4,163
174,1.735,216.2,213.9,212.7,123.1,122.4,121.6,222.7,222.5,146.4,0
175,1.745,216.2,213.9,212,123.1,123.1,123.1,221.5,222.5,146.4,0
176,1.755,210.5,213.9,212,123.1,123.1,123.1,220.3,221.8,146.4,0
177,1.765,210.5,211.8,210.9,123.1,123.2,123.1,220.2,220.1,172.2,0
178,1.775,210.5,211.1,209.8,123.1,123.2,123.1,220.2,220.1,174.5,173.1
179,1.785,210.5,210.2,207.2,125,123.7,123.8,220.2,220.1,174.5,173.1
180,1.795,205.1,207.3,204.9,125,124.6,125,220.3,221.4,176.4,175.4
181,1.805,205.1,202.6,202,125,124.6,125,222.1,221.8,179.9,180.1
182,1.815,200,200,200.1,125,124.6,125,222.1,222.3,184,184.7
183,1.825,200,197.8,197.5,123.1,124.6,124.6,222.1,222.3,186.3,187.5
184,1.835,200,194.8,194.9,121.2,120.4,122.7,221.9,222.4,189.4,190.5
185,1.845,195.1,192.3,194.9,119.4,116.9,119.8,220.2,222.4,189.4,190.5
186,1.855,190.5,192.3,194.9,115.9,115.1,116.6,218.5,222.9,189.4,190.5
187,1.865,195.1,192.3,195.3,115.9,116.9,116.6,218.5,223.1,188.6,190.2
188,1.875,205.1,198,197.3,117.6,116.9,116.6,218.5,223.1,185.6,187
189,1.885,210.5,202.6,197.3,119.4,117.9,119.4,231.5,228.6,182.1,185
190,1.895,210.5,202.6,208.4,119.4,117.9,119.4,233,231,179.8,181.7
191,1.905,0,205.2,0,119.4,118.3,119.4,233.4,231.7,176.1,178.7
192,1.915,0,0,0,117.6,118.5,119.3,233.6,234.1,165.3,178.7
193,1.925,0,0,0,125,0,119.3,236.3,236.2,165.3,0
194,1.935,0,0,0,117.6,0,0,239.2,240.9,0,0
195,1.945,0,0,0,0,0,0,241.3,243.8,0,0
196,1.955,0,0,0,0,0,0,241.3,245.1,0,0
197,1.965,0,0,0,0,0,0,242.3,245.1,0,0
198,1.975,0,0,0,0,0,0,0,246.6,0,0
199,1.985,0,0,0,0,0,0,0,0,0,0
200,1.995,0,0,0,0,0,0,0,0,0,0
201,2.005,0,0,0,0,0,0,0,0,0,0
202,2.015,0,0,0,0,0,0,0,0,0,0
203,2.025,0,0,0,0,115.9,0,0,0,0,0
204,2.035,0,0,0,114.3,115.9,117.7,0,0,0,0
205,2.045,0,0,0,117.6,117.7,116.5,0,0,0,0
206,2.055,0,0,0,117.6,117.7,116.5,0,0,168.2,167
207,2.065,0,0,0,115.9,117.7,116.5,0,0,168.2,158.6
208,2.075,0,0,0,114.3,115.6,114.5,0,0,156.6,158.6
209,2.085,0,0,0,112.7,113.1,112.8,0,0,148.9,150.1
210,2.095,0,0,0,111.1,111.4,111.2,0,0,148.4,148
211,2.105,0,0,0,109.6,110.4,111.1,0,0,148.4,148
212,2.115,0,0,0,106.7,109.3,109.6,0,0,148.4,0
213,2.125,235.3,211.3,209.2,105.3,106.4,106.5,0,0,0,0
214,2.135,216.2,207.3,205.8,101.3,104.7,105.3,0,0,0,0
215,2.145,205.1,207.3,205.2,98.8,100.3,101.3,0,0,0,0
216,2.155,205.1,206.2,205.7,96.4,97.7,98.8,0,0,159.6,159.7
217,2.165,205.1,206.1,205.2,93,95.6,96.3,0,0,159.6,159.7
218,2.175,210.5,206,204.7,89.9,93.2,93,0,0,159.6,160.1
219,2.185,205.1,206,204,87.9,89.5,89.9,0,0,160.7,160.6
220,2.195,200,201.7,201.4,85.1,87.6,87.7,0,0,162.3,162.4
221,2.205,200,200.5,200.3,86,86.3,86,0,0,164.4,163.5
222,2.215,200,199.8,199.6,81.6,86.1,85.9,0,0,164.4,163.5
223,2.225,200,198,198,79.2,83.3,83.3,0,0,164.4,163.6
224,2.235,195.1,196,196.1,83.3,80.9,81.6,0,0,164.2,163.5
225,2.245,195.1,196,196.1,78.4,80.9,81.6,209,209.3,163.6,163.5
226,2.255,200,196,196.1,86,83.3,83.3,209,209.3,162.9,163.1
227,2.265,200,196.3,197.1,85.1,83.3,83.4,209,209.9,160.9,161.4
228,2.275,200,196.5,197.1,83.3,82.5,85,209,209.9,159.7,159.4
229,2.285,200,196.5,197.1,89.9,84.3,85,208.2,209.9,156.8,155
230,2.295,200,197,196.4,80,0,83.4,206.7,206.7,152.6,151.7
231,2.305,200,196.9,196.4,0,0,83.4,197.2,200.2,150.4,148.5
232,2.315,200,196.5,196.3,0,0,0,191.7,194.4,150.4,146.9
233,2.325,195.1,196.2,196.3,0,0,0,191.7,194.4,146.5,140.8
234,2.335,200,196.2,196.3,0,0,0,191.7,194.4,146.5,133.4
235,2.345,200,195.3,195.7,0,0,0,196.6,190.3,0,129.6
236,2.355,195.1,195.3,195.6,0,0,0,201.1,196.6,0,124.8
237,2.365,195.1,195.3,195.6,0,0,0,202.1,197.1,0,119.2
238,2.375,195.1,195.6,195.6,0,0,0,205.6,201.9,0,114.3
239,2.385,200,196.5,196.2,0,0,0,208.7,201.9,0,109.4
240,2.395,200,197.9,198.7,0,0,0,211.5,210.4,0,109.4
241,2.405,200,198.6,199.3,0,0,0,215.4,217.4,103.3,103.5
242,2.415,195.1,200.2,200.2,0,0,0,217.7,221,95.5,103.5
243,2.425,210.5,207.5,205.5,0,0,0,219.4,221.7,95.5,103.4
244,2.435,210.5,207.6,206.8,0,0,0,220.8,221.7,95.5,111.1
245,2.445,210.5,207.8,206.9,0,0,0,221.1,221.7,95.5,0
246,2.455,210.5,208,208.4,0,0,0,221.3,221.8,0,0
247,2.465,210.5,208.6,209.3,0,0,0,221.8,221.9,0,0
248,2.475,210.5,209.5,210.1,0,0,0,222.4,222.2,0,0
249,2.485,210.5,210.1,210.4,0,0,0,223.3,223.3,0,0
250,2.495,210.5,210.3,210.4,0,0,0,224.4,225.4,0,0
251,2.505,210.5,212.2,210.4,0,0,0,226.2,227.1,0,0
252,2.515,222.2,212.2,207.5,0,0,0,227.6,228.2,0,0
253,2.525,205.1,212.2,205.3,0,0,0,228.9,228.9,0,0
254,2.535,205.1,203.3,202.5,0,0,0,230.3,230,0,0
255,2.545,205.1,201.4,201.2,0,0,0,231.3,234,0,0
256,2.555,200,200,199.9,0,0,0,231.3,234,0,0
257,2.565,200,199.2,199.5,0,0,0,231.3,234,0,0
258,2.575,200,196.9,196.7,0,0,0,229.9,234.5,0,0
259,2.585,195.1,192.4,193.9,0,0,0,227.4,228.4,0,0
260,2.595,190.5,184.5,188.4,0,0,0,227.4,228.4,0,0
261,2.605,181.8,180.7,181.4,0,0,0,0,0,0,0
262,2.615,173.9,176.4,175,0,0,0,0,0,0,0
263,2.625,166.7,172.2,166.9,0,0,0,0,0,0,0
264,2.635,156.9,156.3,158.5,0,0,0,0,0,0,0
265,2.645,145.5,156.3,156.9,0,0,0,0,0,0,0
266,2.655,166.7,80.6,119.6,0,0,0,0,0,0,0
267,2.665,117.6,80.6,81.4,0,0,0,0,0,0,0
268,2.675,81.6,0,81.4,0,0,0,0,0,0,0
269,2.685,80.8,0,81.4,0,0,0,0,0,0,0
270,2.695,80.8,0,81.4,0,0,0,0,0,0,0
271,2.705,98.8,0,100.6,0,0,0,0,0,0,0
272,2.715,100,99.8,102,0,0,0,0,0,0,0
273,2.725,102.6,99.8,0,0,0,0,0,0,0,0
274,2.735,79.2,99.8,0,0,0,0,0,0,0,0
275,2.745,0,0,0,0,0,0,0,0,0,0
276,2.755,0,0,0,0,0,0,0,0,0,0
277,2.765,0,0,0,0,0,0,0,0,0,0
278,2.775,0,0,0,0,0,0,0,235,0,0
279,2.785,0,0,0,0,0,0,223.9,230.5,0,0
280,2.795,0,0,0,0,0,0,219.2,216.3,0,0
281,2.805,0,0,0,0,0,0,219.2,216.3,0,0
282,2.815,0,0,0,0,0,0,213.4,211.7,0,0
283,2.825,0,0,0,0,0,0,213.4,211.7,0,0
284,2.835,0,0,0,0,0,0,213.4,212.3,0,0
285,2.845,0,0,0,0,0,0,213.5,212.3,0,0
286,2.855,0,0,0,0,0,0,214.7,213.1,0,0
287,2.865,0,0,0,0,0,0,214.7,213.1,0,0
288,2.875,0,0,0,0,0,0,214.7,213.1,0,0
289,2.885,0,0,0,0,0,0,214.2,213.1,0,0
290,2.895,0,0,0,0,0,0,212.2,210.4,0,0
291,2.905,0,0,0,0,0,0,207.8,209.4,0,0
292,2.915,0,0,0,0,0,0,205.3,201.3,0,0
293,2.925,0,0,0,0,0,0,202.2,200.7,0,0
294,2.935,0,0,0,0,0,0,199,195.9,0,0
295,2.945,0,0,0,0,0,0,193,194.3,0,0
296,2.955,0,0,0,0,0,0,191.7,190.3,0,0
297,2.965,0,0,0,0,0,0,186.6,186.6,0,0
298,2.975,0,0,0,0,0,0,185.6,184.5,0,0
299,2.985,0,0,0,0,0,0,182.3,182.1,0,0
300,2.995,0,0,0,0,0,0,182.3,182.1,0,0
